asset1,asset2,return
MMM,CAT,0.19829176900663703
MMM,CTAS,-0.1307286092978774
MMM,CSX,0.23741895028329862
MMM,DE,0.009128907111490553
MMM,GE,-0.1853818922645788
MMM,INFO,0.08725820909539747
MMM,JBHT,0.08766140509026518
MMM,J,0.19949498296692486
MMM,NSC,0.1744555773858457
MMM,ODFL,0.14924559284341188
MMM,PCAR,-0.020040570297979867
MMM,ROL,-0.1935942484230164
MMM,SNA,0.029186906283000427
MMM,TDG,-0.11691958365191939
MMM,UNP,0.22643838890011364
MMM,UPS,-0.04226591480574556
AOS,ALLE,-0.2058113380309571
AOS,CHRW,0.34036842890333646
AOS,CAT,0.0937885971762854
AOS,CTAS,-0.10323860741191762
AOS,CSX,-0.2073681297493074
AOS,DE,0.06633319294949498
AOS,DAL,-0.06040133860008413
AOS,FDX,-0.10925637054899241
AOS,GE,-0.1826781308479185
AOS,IEX,0.15084653405597376
AOS,J,0.0592401376303166
AOS,KSU,-0.11667133038934567
AOS,PCAR,-0.0549941961432941
AOS,RSG,0.030954277132338028
AOS,SNA,-0.05203630753381469
AOS,LUV,-0.21659405643679405
AOS,TDG,-0.3374054917278822
AOS,UNP,0.11461587007443508
AOS,UAL,0.06210994988997903
AOS,GWW,0.05687539122355549
AOS,WAB,-0.006707332350178622
AOS,WM,0.0394295505159616
AOS,XYL,-0.2637127012483968
ALLE,AME,0.1503602173110527
ALLE,CAT,0.24558849977146863
ALLE,CTAS,-0.27295523184790565
ALLE,CSX,-0.19255261050012895
ALLE,DE,-0.08301059455255803
ALLE,FAST,0.04164083680834592
ALLE,GE,0.2175795837877717
ALLE,IEX,-0.007355434260480979
ALLE,INFO,0.3776922921950996
ALLE,IR,0.30974062685192866
ALLE,JBHT,-0.02449175996455917
ALLE,J,0.348613125092182
ALLE,LDOS,0.058008332658783766
ALLE,MAS,-0.06201859902132914
ALLE,NSC,0.09180314184468574
ALLE,ODFL,0.3458673289921763
ALLE,PCAR,-0.06553578411340087
ALLE,ROL,-0.34079921508167504
ALLE,SNA,0.054499551548382444
ALLE,TDG,-0.1015180041197213
ALLE,UNP,0.045477240606410486
ALLE,UPS,-0.17632374509073082
ALLE,VRSK,-0.08285367113624699
ALLE,WAB,0.043993510013091146
AME,PCAR,-0.11587492892634822
BA,CAT,-0.33529374886513297
BA,PCAR,-0.1770639625885361
BA,SNA,-0.1346808445805966
CHRW,KSU,-0.11607230475254866
CARR,CAT,-0.2209683323896525
CARR,CTAS,0.01599521737001778
CARR,CSX,-0.35132144274722654
CARR,DE,-0.1960569861194512
CARR,FAST,-0.022096859696602623
CARR,GE,2.4774331515735986
CARR,IR,-0.0712052565922658
CARR,JBHT,-0.0798098480831628
CARR,J,-0.19001012319762564
CARR,ODFL,0.11067650765957428
CARR,PCAR,-0.32566602841626535
CARR,RSG,-0.1051452129014673
CARR,RHI,-0.1728666032816947
CARR,ROL,-0.33213841329849253
CARR,SNA,-0.23024529691139933
CARR,TDG,-0.07987807396206394
CARR,UNP,-0.13573634817201657
CARR,UPS,0.06106399518775157
CARR,VRSK,-0.12369724771165463
CARR,WAB,-0.17386470122517522
CARR,WM,-0.14723374562982805
CPRT,JBHT,-0.03610705760493598
CPRT,ROL,0.07305342030628265
CPRT,WAB,0.6557761825084271
CPRT,WM,0.11047323525843501
DOV,FDX,-0.15552783105356152
DOV,FTV,0.20038263291007752
DOV,GE,2.786692924552376
DOV,IEX,0.05174863238424194
DOV,IR,0.26949558341459795
DOV,JBHT,0.07858137960188352
DOV,J,-0.013760448572557652
DOV,ODFL,0.26385135069264215
DOV,OTIS,0.3614546105251135
DOV,PCAR,-0.17513358940198726
DOV,RSG,-0.037678920740926845
DOV,ROL,-0.271356298703964
DOV,SNA,0.18518523516636182
DOV,TDG,-0.12148768122003908
DOV,UNP,-0.009995452987966127
DOV,UPS,-0.13487997227387882
DOV,VRSK,-0.014337267169633705
DOV,GWW,-0.19182189486823045
DOV,WAB,-0.002221342039357114
DOV,WM,0.044486244416829725
DOV,XYL,-0.18253881174288952
ETN,WAB,0.20423289784399415
EFX,FAST,0.21619819621829447
EFX,GE,3.3928368285146835
EFX,JBHT,0.3369660101181426
EFX,ODFL,0.04097637651900033
EFX,PCAR,-0.3145278491484176
EFX,RSG,0.19673110662613705
EFX,RHI,0.1422082218952621
EFX,ROL,-0.4342101952168184
EFX,SNA,-0.18769255992881373
EFX,TDG,-0.08577111231709918
EFX,UNP,0.17055631706207902
EFX,UPS,-0.24207749535297116
EFX,VRSK,0.01654178042453597
EFX,GWW,-0.068668994529802
EFX,WAB,0.14935952365253136
EFX,WM,0.1884876628555529
EXPD,GE,-0.3635244784134059
EXPD,JBHT,0.13160418660664755
EXPD,PCAR,-0.08478162415620288
EXPD,ROL,-0.1878680644475027
EXPD,UPS,-0.11926416843694737
FAST,KSU,-0.06186935082776734
FAST,GWW,0.0006708837493728788
FDX,INFO,-0.010166364790609223
FTV,JBHT,0.3982870702110889
FTV,PCAR,-0.02025670451063721
FTV,ROL,0.11139526882728795
FTV,TDG,0.05773011344232174
FTV,WAB,0.3358043566387618
FTV,WM,0.3498257607224939
FBHS,GE,-0.31037220614921157
FBHS,HON,-0.2236603621142215
FBHS,IEX,0.14482334840237818
FBHS,IR,0.7465567754314467
FBHS,JBHT,-0.11717107329449995
FBHS,J,-0.09301623125740836
FBHS,ODFL,0.09884689662703706
FBHS,PCAR,-0.2678727010696661
FBHS,RSG,-0.13793466253543696
FBHS,ROL,-0.39609326987094484
FBHS,SNA,-0.1927415394337842
FBHS,TT,-0.9102178787152452
FBHS,TDG,-0.029826464183537755
FBHS,UNP,-0.018488702543236722
FBHS,UPS,0.2266670059848341
FBHS,VRSK,-0.12954963301132666
FBHS,GWW,0.0026819170418404975
FBHS,WAB,0.14888693061393599
FBHS,WM,-0.13502367951984487
FBHS,XYL,-0.10836996030469861
GNRC,GE,-0.2632132264294507
GNRC,INFO,-0.24665565168215428
GNRC,IR,-0.17129485335348785
GNRC,JBHT,-0.16939543453427702
GNRC,J,0.12111866201412165
GNRC,LDOS,-0.26857459378475074
GNRC,MAS,-0.39430857397347235
GNRC,NSC,0.02357735808659927
GNRC,ODFL,0.27524801545149397
GNRC,PCAR,-0.031551541147074605
GNRC,RHI,-0.08889367419093905
GNRC,ROL,-0.07450741327521711
GNRC,SNA,0.08070235031018033
GNRC,TDG,-0.31409209445893316
GNRC,UNP,-0.258095280269568
GNRC,UPS,-0.07839736024350742
GNRC,VRSK,-0.09022065608450285
GNRC,WAB,-0.1651343525789713
GNRC,WM,-0.007628286403011734
GD,GE,3.653297959513245
GD,INFO,0.09704874333545128
GD,JBHT,0.1291296193018829
GD,J,0.1702650939183934
GD,ODFL,0.011300258477072785
GD,PCAR,-0.1832371101558319
GD,RHI,0.2772562133457995
GD,TDY,0.20929233678117948
GD,TDG,0.008916229901584739
GD,VRSK,-0.23058835536937114
HON,INFO,0.2254201900366816
HII,RTX,0.06893491452547168
IEX,KSU,0.18480593033654907
IEX,PCAR,-0.08597672014982848
IEX,SWK,-0.06730159087200925
INFO,NLSN,0.06417269370824798
INFO,ODFL,0.2639927129064253
INFO,RSG,-0.03501341184807155
INFO,RHI,0.09799702746602561
INFO,SNA,0.2747639030568564
INFO,LUV,-0.06439469260717451
INFO,SWK,0.26203100860563283
ITW,KSU,0.03297065788868305
ITW,PCAR,-0.025709704392296116
ITW,SNA,-0.04312224037175969
ITW,WAB,-0.06286573082834832
IR,KSU,0.2957790023256095
JCI,ODFL,0.4124508141356928
JCI,PCAR,-0.2773683055604091
JCI,RSG,-0.10011037640821305
JCI,ROL,-0.3477556888080415
JCI,SNA,-0.08945379289483214
JCI,TT,-0.07360762627250966
JCI,TDG,-0.009201492164265801
JCI,UNP,-0.0925278889680875
JCI,UPS,-0.2016094758075994
JCI,VRSK,-0.10027528088965497
JCI,GWW,-0.18453616673561643
JCI,WAB,-0.08682450103679512
JCI,WM,-0.12145454089737104
JCI,XYL,-0.14962210267876652
KSU,PCAR,0.14751220881729446
LMT,PCAR,-0.03171377507093013
LMT,RSG,-0.09058923611148871
LMT,ROL,-0.2320328410763701
LMT,SNA,0.017942862370508083
LMT,TDG,-0.09812607376581989
LMT,UNP,0.26574454334857395
LMT,WAB,0.07797468071951182
LMT,WM,-0.12193480075228465
MAS,PCAR,0.11296063284249744
MAS,SNA,0.06449782454760308
MAS,TDG,-0.26982772365140206
MAS,WAB,0.4630486909734539
MAS,WM,-0.13471785282659068
NOC,ODFL,0.4322107335608735
NOC,PCAR,0.06265093334052071
NOC,ROL,-0.07793906995754965
NOC,SNA,-0.13699410780398932
NOC,TDG,-0.20255782668997446
NOC,UNP,0.08584274808164351
NOC,UPS,0.24118500476967558
NOC,VRSK,-0.19682033585750716
NOC,WAB,0.44791694104913565
NOC,WM,-0.006170056197245285
ODFL,RSG,0.41810927783325663
PNR,RSG,0.0287074634919659
PNR,RHI,0.0010456369978874864
PNR,ROL,-0.18188210070667163
PNR,SNA,0.033325560943179296
PNR,TDY,0.03154319680316883
PNR,TT,-0.7664893532341356
PNR,TDG,-0.016461647478811646
PNR,UNP,-0.07381298868250044
PNR,UPS,-0.19389962244444192
PNR,VRSK,-0.02945492031725531
PNR,WAB,0.20338786853481491
PNR,WM,-0.022836795086735074
PNR,XYL,0.09809479894761579
PWR,ROL,-0.1278134395369825
PWR,SNA,-0.06394660308302876
PWR,UNP,-0.20182335799758322
PWR,URI,-0.14078499542391715
PWR,VRSK,0.04416665103598905
RSG,TXT,0.23716989661792673
RSG,VRSK,0.05162725877966033
RHI,ROK,-0.03617163684942338
RHI,ROP,0.09568983013401011
RHI,SNA,-0.0050468788233213125
RHI,LUV,-0.17554595227392814
RHI,TT,-0.7962509223577325
RHI,TDG,-0.20007256768048756
RHI,UNP,0.19743786607636518
RHI,UAL,0.5145987652334175
RHI,UPS,-0.09969798388168041
RHI,VRSK,-0.19745227457428527
RHI,GWW,-0.0494149055140563
RHI,WAB,0.12441609958315618
RHI,WM,0.040908810433131146
RHI,XYL,-0.3801120847086007
ROK,ROL,-0.35717321029080207
ROK,SNA,-0.2415758628004133
ROK,TDG,-0.13586026866952802
ROK,UNP,-0.025747630255745606
ROK,VRSK,0.321300947359126
ROK,GWW,-0.05963322643349646
ROK,WAB,0.00464718981702812
ROK,WM,-0.024111961433371472
SWK,TT,-0.8262313512622792
SWK,TDG,0.04656138304103748
SWK,UNP,0.09666286159497307
SWK,UPS,-0.07731185137990586
SWK,URI,0.11923278859265468
SWK,VRSK,-0.1366920912150704
SWK,WAB,-0.2315201146175673
SWK,WM,-0.09266323773198383
SWK,XYL,-0.2755981430883205
TT,TDG,-0.9609866529740572
TT,UNP,-0.7859919382754738
TT,UPS,-0.5612422679207298
TT,GWW,-0.6761254752684666
TT,WAB,-0.838198651527779
TT,WM,-0.1312646541154341
GWW,WAB,0.16149441842749337
GWW,XYL,-0.10291851030679623
ABT,BDX,0.2409682662302177
ABT,HOLX,-0.06459527074309954
ABT,TMO,0.21934771317835694
ABBV,BAX,-0.19122779650099386
ABBV,CAH,0.22485389067593467
ABBV,LLY,-0.17651387520530115
ABBV,HOLX,0.2580798022055434
ABBV,HUM,0.030274634549485927
ABBV,MCK,0.19014840292427368
ABBV,PFE,-0.16489943588439318
ABBV,REGN,-0.10039964080287114
ABBV,STE,0.4064938484896338
ABBV,TMO,-0.17107176279235778
ABBV,UHS,0.2019990126026448
A,HOLX,0.1495539402104076
A,REGN,-0.08029801495750638
A,STE,0.013928935578033852
A,TMO,0.0740345159204441
ALGN,BDX,-0.04352310253637465
ALGN,BIIB,-0.3828121856202209
ALGN,CVS,-0.19131011560095182
ALGN,HSIC,-0.02390983109408844
ALGN,HOLX,0.6422554300833639
ALGN,INCY,-0.40878588190755416
ALGN,ISRG,0.20154806431510414
ALGN,JNJ,-0.35904811028926886
ALGN,OGN,-0.2839678454206663
ALGN,PFE,0.0390533999104696
ALGN,REGN,-0.05096802456871606
ALGN,STE,0.22715888023760403
ALGN,TMO,0.02224157984698075
ABC,HOLX,0.030244059524343902
ABC,INCY,0.387223546593026
ABC,MCK,-0.07666642862817417
ABC,PFE,0.010928833461540053
ABC,REGN,0.13753609694826024
ABC,STE,0.19610609884387725
ABC,TMO,0.26751423466408625
AMGN,BDX,0.46996819645775073
AMGN,CVS,-0.11451134666983882
AMGN,HSIC,0.07314308297500975
AMGN,PFE,-0.05645055601444619
AMGN,REGN,-0.16244153542096626
ANTM,BDX,0.2903862934308381
ANTM,CAH,0.6635423116624152
ANTM,HCA,-0.17593798854037027
ANTM,HOLX,-0.14832802880579082
ANTM,HUM,0.11867947179412673
ANTM,INCY,0.025703611245842767
ANTM,REGN,-0.1667915414140423
ANTM,STE,0.5252975800356621
ANTM,TMO,0.1556974314931131
BAX,BDX,-0.0007993677573325112
BAX,BIO,0.01901088600091345
BAX,BIIB,0.26029103754578437
BAX,BSX,-0.03491183654020744
BAX,CTLT,-0.23349365340235148
BAX,CRL,-0.07023315388822608
BAX,CVS,0.03394348769041913
BAX,DHR,-0.32013975363251057
BAX,DVA,0.24629161956440498
BAX,GILD,0.02476227335295349
BAX,HSIC,0.007609838043240888
BAX,HOLX,-0.33838029216000565
BAX,INCY,0.2994402661556279
BAX,ISRG,-0.4598188907711608
BAX,IQV,-0.04546242577889745
BAX,JNJ,0.15561401118767534
BAX,MDT,-0.08653609611504537
BAX,MRNA,-0.6703322572621564
BAX,OGN,0.01567410814423929
BAX,PFE,-0.121618378848961
BAX,DGX,-0.04391401867228604
BAX,REGN,-0.11089891279043455
BAX,RMD,-0.2815581911707741
BAX,STE,0.06992191765175623
BAX,TMO,-0.24943910412528464
BAX,UHS,-0.047953343129087445
BAX,WAT,-0.0751393493678348
BAX,ZBH,-0.0136512371168338
BIO,DHR,0.34357941897646177
BIO,HOLX,-0.07483542165093676
BIO,INCY,0.07001055364527216
BIO,OGN,-0.1384536608901844
BIO,PFE,0.18603069666691663
BIO,REGN,0.0032259678170128607
BIO,STE,0.28759639803614817
BIO,TMO,0.1262974454020086
TECH,DHR,0.03154364911822864
TECH,HSIC,0.23020174435229884
TECH,HOLX,-0.07466067378564883
TECH,OGN,-0.04297928990720204
TECH,REGN,0.16343139987285046
TECH,STE,0.20057297508129923
TECH,TMO,0.09543244974042318
TECH,WAT,0.04884763930979127
BIIB,BMY,0.3841787509776099
BIIB,CAH,0.03936941805859751
BIIB,DHR,0.1414031444358104
BIIB,DXCM,0.0036426010452385526
BIIB,EW,1.144051874684958
BIIB,HCA,0.31490465173316506
BIIB,HOLX,-0.08093373361458157
BIIB,INCY,0.7066731710103986
BIIB,MTD,0.5005674802818117
BIIB,PKI,0.1543179472045254
BIIB,DGX,0.40020876517729426
BIIB,WST,0.4298861619235406
BIIB,ZTS,0.4917203860588788
BMY,CERN,0.2712334789952914
BMY,CVS,-0.041661628429273116
BMY,DVA,0.17525974530783017
BMY,HSIC,0.531554332814836
BMY,HOLX,-0.035365437313244326
BMY,ISRG,0.40093785155027234
BMY,OGN,-0.01408497390085482
BMY,PFE,0.10888038992595524
BMY,REGN,-0.11812905099076437
BMY,STE,0.19363199107847498
BMY,UNH,0.3266567647764727
BMY,UHS,0.2404453552301231
CAH,CVS,0.08503804894289933
CAH,DHR,0.16613375316191115
CAH,DVA,0.3013913282968204
CAH,HCA,-0.20558687422767136
CAH,HSIC,0.18282912908578364
CAH,HOLX,0.0019289102138414455
CAH,IDXX,-0.015790197532797465
CAH,ISRG,-0.13052462016039848
CAH,IQV,0.029932513832700205
CAH,JNJ,0.15589385540887132
CAH,MRK,0.15051970024894398
CAH,MRNA,-0.39816869033677227
CAH,PFE,-0.3065088247636103
CAH,REGN,-0.05706170146605538
CAH,STE,0.14283506235186738
CAH,SYK,0.10241365462596717
CAH,TMO,-0.027594861293983412
CAH,UHS,-0.1264765400259089
CAH,WAT,-0.20260201254049579
CAH,ZBH,0.06410407465128344
CNC,CVS,0.39760943447648694
CNC,EW,0.18902355599842122
CNC,HCA,-0.15084702595759095
CNC,HSIC,-0.08399651467823831
CNC,HOLX,-0.19649534211575256
CNC,INCY,0.7197048348911584
CNC,JNJ,0.056082653635487076
CNC,OGN,-0.23906331273482823
CNC,PFE,0.2881690218271318
CNC,DGX,0.1874580363108049
CNC,REGN,0.23247201542909549
CNC,STE,0.27578743663608357
CNC,TMO,0.4337848898687269
CERN,DVA,0.14933178937922464
CERN,EW,0.19056005949241706
CERN,HCA,-0.09805065863414827
CERN,HOLX,-0.09862769089287729
CERN,HUM,0.5104696240228878
CERN,INCY,0.0765016549180368
CERN,ISRG,0.1992929254878356
CERN,MRK,0.04378100853789394
CERN,OGN,-0.08921762263155339
CERN,PKI,0.28789384389837447
CERN,PFE,0.1820419158070792
CERN,DGX,0.26668051292463496
CERN,REGN,-0.08183044946427792
CERN,TMO,0.0823936943387668
CERN,UHS,0.08073551062776169
CERN,VTRS,0.0762390883919163
CRL,DHR,0.43051866946168593
CRL,HCA,0.4040324362796094
CRL,HSIC,0.4301877774668863
CRL,HOLX,0.18480083667833097
CRL,INCY,-0.2805125959598782
CRL,ISRG,0.6981788485938468
CRL,IQV,0.22314690490913897
CRL,JNJ,-0.11700884160274523
CRL,OGN,-0.12604384967540916
CRL,PFE,-0.004271715865090664
CRL,DGX,0.49112593821174466
CRL,REGN,-0.2370954857906235
CRL,STE,-0.0618138550030475
CRL,TMO,-0.013629143238565157
CI,CVS,0.0483383102035895
CI,HSIC,-0.0037405696240908584
CI,HOLX,-0.018696600746479816
CI,INCY,0.33890466695400334
CI,JNJ,0.20617367319993368
CI,OGN,-0.12777077977785462
CI,PFE,-0.12945861327504055
CI,REGN,-0.22542656661283342
CI,STE,0.17502838524198072
CI,TMO,0.012553788051110168
CVS,EW,-0.16118504711195186
CVS,HCA,0.1465098221127945
CVS,HSIC,0.225261973095906
CVS,HOLX,0.03422683308386273
CVS,HUM,-0.04954549392851026
CVS,INCY,0.11210416256168042
CVS,JNJ,-0.2951977544488621
CVS,PKI,0.27326151507744884
DHR,TMO,0.027452981251980237
DVA,HSIC,0.262088222211986
DVA,INCY,0.14999819880700233
DVA,JNJ,0.06823983771323852
DVA,OGN,-0.031916935539272384
DVA,REGN,0.10939923791407084
DVA,STE,0.14562918918206413
DVA,TMO,-0.08586897913702297
XRAY,HSIC,0.14598121762162278
XRAY,HOLX,0.2744871171955987
XRAY,INCY,0.007403790373384399
XRAY,ISRG,0.26916408161484534
XRAY,JNJ,0.012332800879287533
XRAY,OGN,-0.1473086793359765
XRAY,PFE,-0.24585533873326348
XRAY,DGX,0.17260603024636395
XRAY,REGN,-0.16237454291424175
XRAY,STE,-0.0334874905900046
XRAY,TMO,-0.042067492445902605
DXCM,GILD,-0.10144094063125202
DXCM,HSIC,-0.3600892060512435
DXCM,HOLX,-0.4914878965908807
DXCM,INCY,-0.15383828753491194
DXCM,ISRG,-0.5023614615474952
DXCM,IQV,-0.44862512032010926
DXCM,JNJ,-0.21923267910361144
DXCM,MRNA,-0.7086344552919935
DXCM,OGN,-0.5032914942407694
DXCM,PFE,-0.30580971285916225
DXCM,DGX,-0.18886940234079694
DXCM,REGN,0.24099456198675848
DXCM,RMD,-0.2195458841712821
DXCM,STE,-0.2798991082868306
DXCM,TMO,-0.28389610918508956
DXCM,VTRS,-0.5598663732091793
DXCM,WAT,-0.5312908223077351
LLY,HOLX,0.02555763387862171
LLY,PFE,-0.278565516493356
LLY,REGN,0.30445597860549345
LLY,STE,0.07870457601790666
LLY,TMO,0.1161551523415785
IDXX,INCY,-0.19272970820174437
IDXX,JNJ,-0.056925520707546966
IDXX,OGN,-0.32973785985464754
IDXX,PFE,0.037395160971707225
IDXX,DGX,-0.04368594676458335
IDXX,REGN,-0.048066066582120835
IDXX,STE,-0.08701049356439064
IDXX,TMO,-0.023883076700228704
IDXX,WAT,0.33033731816265643
ILMN,INCY,-0.11427244188671873
ILMN,IQV,-0.24882373983348952
ILMN,JNJ,-0.09651005380327944
ILMN,OGN,-0.10461925523234095
ILMN,PFE,-0.24138265258054306
ILMN,DGX,-0.05705347229190608
ILMN,REGN,-0.06077041991695616
ILMN,STE,-0.15359121409164858
ILMN,TMO,-0.3775788301761211
ILMN,WAT,0.19395966782617527
ILMN,ZTS,-0.33889643260234603
ISRG,JNJ,-0.030223813885017298
ISRG,DGX,0.5729070948947326
ISRG,REGN,0.054643848067149954
ISRG,STE,-0.13821314240300242
ISRG,TMO,-0.0624075619397081
LH,REGN,-0.04175900427507528
LH,TMO,0.1289684523534002
MCK,OGN,-0.1539079880683392
MCK,PFE,-0.00045990330881846603
MCK,DGX,0.41229169064767485
MCK,REGN,-0.10408110309013864
MCK,STE,0.28798456209595547
MCK,TMO,-0.0728972185539556
MDT,OGN,0.052291701050007834
MDT,DGX,0.12593696136804503
MDT,REGN,-4.604733713131282e-05
MDT,STE,0.17614738644790648
MDT,TMO,-0.15116632534517804
MRNA,OGN,-0.17912388266265014
MRNA,REGN,-0.4410082963187191
MRNA,STE,-0.3998826192691528
MRNA,TMO,-0.39664977832138204
PKI,TMO,0.005966368145784072
RMD,TMO,0.1460814341411498
SYK,TMO,0.0989671971891314
SYK,WAT,-0.053776796443072816
TFX,TMO,-0.1803022682319602
COO,TMO,0.042890393235880474
COO,WAT,0.05406079542942607
ACN,AAPL,0.564709163650877
ACN,ADP,-0.005422308407745004
ACN,AVGO,0.10069698916759852
ACN,CDNS,0.22464491256295252
ACN,PAYX,-0.016794611752257625
ACN,SNPS,0.17557475625184743
ADBE,AMD,0.22280055348440103
ADBE,AKAM,0.16013715933101222
ADBE,APH,0.05806438162272156
ADBE,AAPL,0.36836444340014773
ADBE,ADP,-0.14210380924982485
ADBE,AVGO,-0.0009598565721949853
ADBE,BR,0.3478053830188149
ADBE,CDNS,-0.1497921578563936
ADBE,CTXS,-0.21295317467416433
ADBE,CTSH,0.011547183097922244
ADBE,ENPH,-0.3304333382348626
ADBE,FTNT,0.011182882539442216
ADBE,IT,0.07216948665333184
ADBE,HPE,0.03849703977316996
ADBE,IBM,0.5263013565482665
ADBE,INTU,-0.039706768188415884
ADBE,JNPR,0.11203500625187357
ADBE,KEYS,-0.18517632008283602
ADBE,KLAC,0.08639349794830879
ADBE,MA,0.1592508356902824
ADBE,MU,-0.38770972862657144
ADBE,MSFT,-0.08109299142171483
ADBE,MPWR,0.43718857828004254
ADBE,MSI,0.12045866160407663
ADBE,NLOK,0.4802107112306551
ADBE,NVDA,-0.241334931711095
ADBE,PAYC,-0.08868647462677094
ADBE,QCOM,0.04542753912974091
ADBE,STX,0.012732790096944663
ADBE,SNPS,0.10389157470053033
ADBE,VRSN,-0.15175615264503664
ADBE,XLNX,-0.19682590897710237
AMD,AAPL,0.5495834804613859
AMD,ADP,-0.2971322139906029
AMD,CDNS,0.38556081813545257
AMD,ENPH,-0.0620839956046424
AMD,MPWR,0.2068302349041411
AMD,PAYX,0.02641842008763575
AMD,SNPS,-0.02735824008905911
AKAM,APH,-0.0687938784564253
AKAM,AAPL,0.4531635848135871
AKAM,BR,0.020526219872625952
AKAM,CTXS,0.14803301888503978
AKAM,FISV,-0.01688535426622926
AKAM,IT,-0.03528947115350937
AKAM,MSI,0.1389116767775586
AKAM,PTC,-0.1322118333742404
APH,ADP,-0.17780309779668663
APH,AVGO,0.23207194286581026
ANSS,AAPL,0.7969283373739174
ANSS,ADP,0.05993856312807155
ANSS,AVGO,0.09917348967324564
ANSS,BR,0.36732437615173286
ANSS,CDNS,0.08997329759753454
ANSS,CTXS,-0.05643853866108286
ANSS,CTSH,0.2728439035288601
ANSS,DXC,-0.26286319046309553
ANSS,ENPH,-0.21827694471423864
ANSS,FISV,0.16523863624898513
ANSS,FLT,0.00948854677049414
ANSS,IT,-0.12181935851552916
ANSS,GPN,0.01964277892214188
ANSS,HPE,-0.11830434931125754
ANSS,HPQ,0.20534357744384105
ANSS,IBM,0.204732508947748
ANSS,JNPR,0.34400545076421346
ANSS,KEYS,0.19950253073885615
ANSS,KLAC,0.2931927294923077
ANSS,MA,0.3814241519112329
ANSS,MCHP,0.03630913138726144
ANSS,MPWR,0.4114380443512753
ANSS,MSI,0.24308959520135948
ANSS,NVDA,-0.07748283700619257
ANSS,PAYX,-0.06328891920622845
ANSS,PAYC,-0.20668466935479882
ANSS,PTC,0.008424098578593985
ANSS,QCOM,0.2680874710604205
ANSS,SNPS,0.00975433885885257
ANSS,V,0.11485345873888059
ANSS,WU,-0.10573018931594037
ANSS,XLNX,-0.008665002614074328
AMAT,ANET,1.1757283290193485
AMAT,ADP,0.4720086399879062
AMAT,AVGO,0.023802203602463122
AMAT,BR,0.2654685739641827
AMAT,CDNS,-0.2266375015785075
AMAT,FLT,0.1873645624978414
AMAT,HPE,0.5798437094900926
AMAT,HPQ,1.346180436960405
AMAT,KEYS,-0.06195345806831319
AMAT,KLAC,-0.06413289252781368
AMAT,MPWR,-0.2826523037790456
AMAT,PTC,0.9349399792076123
AMAT,SNPS,-0.12197307066614041
AMAT,V,-0.0023453034590797325
ADSK,ADP,0.4458033177058521
ADSK,CDNS,0.23684370902987809
ADSK,CTXS,-0.061894599700362304
ADSK,CTSH,-0.08988517379953148
ADSK,ENPH,-0.06827814094565314
ADSK,HPE,0.17186897899438147
ADSK,IBM,0.27144726900296795
ADSK,JNPR,-0.059810884884078694
ADSK,KLAC,0.642291492632296
ADSK,MA,0.11658734690845071
ADSK,MU,-0.14896461106257192
ADSK,MPWR,0.18579161284967965
ADSK,NVDA,-0.008008185027281579
ADSK,QCOM,0.44884625316236054
ADSK,STX,0.3144704462539888
ADSK,SNPS,-0.02378319694535079
ADSK,TER,0.07696896741593504
ADP,AVGO,-0.18185821397648325
ADP,BR,0.3390810680117487
ADP,CDAY,0.19126887579250323
ADP,CSCO,0.1999768290576084
ADP,CTSH,-0.2682470965540735
ADP,FFIV,0.017587361238320737
ADP,FISV,0.2605659731671882
ADP,IT,-0.026904869046745297
ADP,HPQ,0.1386110038537861
ADP,JNPR,-0.24576637687103342
ADP,KEYS,0.04095953734512878
ADP,KLAC,0.6465788674683846
ADP,LRCX,0.2987842133855706
ADP,MA,-0.04186328993482632
ADP,MSFT,-0.1309687676545186
ADP,MSI,0.13517313853940796
ADP,NTAP,0.11106358686657608
ADP,ORCL,0.3470498649763694
ADP,PAYC,-0.08686653871877643
ADP,NOW,0.03669099870256119
ADP,TEL,-0.02592715677273227
ADP,TER,-0.005208716329795861
ADP,TXN,0.10012705248464263
ADP,TRMB,-0.04305617766304931
ADP,TYL,0.12160705348342686
ADP,VRSN,-0.09265107918921538
ADP,ZBRA,-0.12247000712769295
AVGO,CDNS,0.10137351761128142
BR,CDAY,0.21821586336781096
BR,CSCO,0.1734083349011939
BR,CTSH,-0.025660675602431585
BR,GLW,-0.0770009866080081
BR,DXC,-0.21733688234410015
BR,FFIV,0.0748156261939896
BR,FLT,-0.07602192166072025
BR,FTNT,0.030319963230666762
BR,INTC,-0.2801858809675163
BR,KLAC,0.6452487650051172
BR,MA,0.14676515397834794
BR,MU,-0.11022028637283424
BR,MSFT,0.23374573042783042
BR,NTAP,0.12578126336970075
BR,NLOK,0.34772444121308627
BR,PAYX,0.06429387721382168
BR,QRVO,0.656484450457645
BR,QCOM,0.292054687129868
BR,CRM,0.3548440969571474
BR,STX,0.21999938950224604
BR,NOW,0.42045104238319064
BR,SWKS,0.2675959620117703
BR,SNPS,0.48657622758522545
BR,TER,0.05293902607048396
BR,TRMB,0.16369840843684347
BR,TYL,0.2878970712521835
BR,VRSN,0.24393675721800623
BR,V,-0.08610501983474256
BR,XLNX,0.05473662059942377
BR,ZBRA,0.01835885857127316
CDNS,INTU,0.05433153079838958
CDNS,MSFT,0.051466595880003005
CDNS,NOW,0.06127127736876224
CDNS,TYL,0.113535774552285
CDNS,XLNX,0.10100774438777997
CDAY,CTXS,-0.5136569492829776
CDAY,CTSH,0.2551320705873426
CDAY,DXC,-0.32718991302526906
CDAY,ENPH,-0.48816720544522735
CDAY,FFIV,0.0955371972916738
CDAY,FLT,-0.11799205826420017
CDAY,FTNT,-0.03020864754127455
CDAY,IT,0.02760392064540036
CDAY,GPN,-0.20892898564254486
CDAY,HPE,-0.1667002192446834
CDAY,IBM,-0.14441085201740178
CDAY,JNPR,-0.13203445834913247
CDAY,KEYS,0.059278917168920746
CDAY,KLAC,0.6966231493866412
CDAY,MA,-0.22358488530433052
CDAY,MU,-0.09833519753126835
CDAY,MPWR,0.25950186334273895
CDAY,MSI,-0.009064010592642299
CDAY,NLOK,-0.032514681913007805
CDAY,NVDA,0.018173538218320174
CDAY,PAYX,0.1486285369091455
CDAY,PTC,-0.12405279366482544
CDAY,QCOM,0.30429550982990067
CDAY,STX,-0.3076845592683289
CDAY,SNPS,0.12232676790139027
CDAY,TER,0.308896293241556
CDAY,VRSN,-0.14432583250907047
CDAY,V,-0.24063989663817556
CDAY,WU,-0.18025611005981787
CDAY,XLNX,-0.03711741155076961
CSCO,CTXS,-0.052335607945701926
CSCO,FISV,0.6474445071539032
CSCO,HPQ,-0.01867586114147969
CSCO,IBM,0.054936404548859424
CSCO,JNPR,0.32899347286035246
CSCO,KLAC,0.8423259513134462
CSCO,MPWR,0.21330833340912853
CSCO,MSI,0.039658150076965104
CSCO,NVDA,0.012029929489276255
CSCO,PAYX,-0.08833577776950464
CSCO,PTC,-0.005611146808821649
CSCO,SNPS,0.4113202408027783
CTSH,GLW,-0.005228695690912137
CTSH,DXC,-0.05170056925892277
CTSH,FFIV,-0.18911223223983864
CTSH,FIS,0.03134637917815329
CTSH,FISV,0.05451962730550891
CTSH,FLT,0.13198001191384756
CTSH,IT,-0.23952978360328736
CTSH,GPN,-0.012607515906056797
CTSH,HPQ,-0.009801572724874131
CTSH,INTU,0.04580141344157746
CTSH,IPGP,-0.034729915422821944
CTSH,JKHY,-0.07923615407647885
CTSH,JNPR,0.07004331094062072
CTSH,KEYS,-0.14953345981639665
CTSH,KLAC,0.06800157397578441
CTSH,LRCX,0.46107418531882577
CTSH,MA,0.3139037659694938
CTSH,MCHP,-0.15350720943303225
CTSH,MPWR,-0.12909985105735658
CTSH,MSI,-0.019375776527084818
CTSH,NTAP,0.2459452838751716
CTSH,NVDA,0.10106265404069403
CTSH,NXPI,0.0036728818928879626
CTSH,ORCL,0.02067575982009075
CTSH,PAYX,0.011923556116508844
CTSH,PAYC,0.11019781572592503
CTSH,PYPL,-0.4355259402545739
CTSH,QRVO,-0.01628361122090908
CTSH,CRM,-0.00924977844559704
CTSH,NOW,0.3627726468786556
CTSH,SWKS,-0.06452634358751762
CTSH,SNPS,0.0056663977265084394
CTSH,TEL,-0.026268036491388192
CTSH,TER,0.05352067575848836
CTSH,TXN,0.10815817949044634
CTSH,TRMB,-0.03588167337512714
CTSH,TYL,0.10279556144444199
CTSH,VRSN,-0.008224908210991562
CTSH,V,0.1661158408102271
CTSH,WDC,-0.4558235389617035
CTSH,WU,0.25295640622641585
CTSH,ZBRA,-0.36866078654036866
ENPH,INTU,-0.5283262469614574
ENPH,JNPR,-0.6239919855573781
ENPH,KLAC,-0.498415917168366
ENPH,MCHP,-0.6814687501782953
ENPH,MSFT,-0.5749610781276776
ENPH,MPWR,-0.28688528529398727
ENPH,MSI,-0.5371658664994435
ENPH,NXPI,-0.466330793443258
ENPH,ORCL,-0.528651641335151
ENPH,PAYC,-0.19944539449713178
ENPH,PTC,-0.5130471129070823
ENPH,QCOM,0.20205931905072969
ENPH,CRM,-0.4032974232496526
ENPH,NOW,-0.4614028656845918
ENPH,TEL,-0.5334392359086229
ENPH,TER,-0.4563172401803609
ENPH,TXN,-0.43884717321216277
ENPH,TRMB,-0.44907038808352984
ENPH,TYL,-0.3467081213134696
ENPH,VRSN,-0.4901518102082859
ENPH,XLNX,-0.17109966984262923
FFIV,FIS,-0.4479053790867966
FFIV,FISV,-0.08927211537672643
FFIV,FLT,-0.09513720439728175
FFIV,IT,-0.031228434611666016
FFIV,GPN,-0.21449225492880214
FFIV,HPQ,-0.3096044311828374
FFIV,JNPR,0.044887094060519446
FFIV,KEYS,0.24993501435583107
FFIV,KLAC,2.146635792983151
FFIV,MCHP,-0.1110027505048734
FFIV,MPWR,0.3451806262059626
FFIV,MSI,-0.1749455100601865
FFIV,NVDA,-0.16808251494391704
FFIV,PAYX,-0.11277786776503955
FFIV,PAYC,-0.27612231196118564
FFIV,PTC,0.15584129733421637
FFIV,SNPS,0.23063216342899176
FFIV,V,-0.17059151675642614
FFIV,WU,-0.27110507730041516
FTNT,IT,1.3090438377569134
FTNT,GPN,0.08025470065664238
FTNT,HPQ,-0.17799717035386944
FTNT,IBM,0.05193134177591739
FTNT,INTU,-0.07757925453011863
FTNT,IPGP,-0.2589357215315009
FTNT,JNPR,1.1611001356306137
FTNT,KEYS,-0.06045366137932622
FTNT,KLAC,0.2020657254556827
FTNT,MA,0.3963755767371488
FTNT,MCHP,-0.12430434801260781
FTNT,MSFT,0.10212113030128996
FTNT,MPWR,-0.17556736436668027
FTNT,MSI,0.11256277059584303
FTNT,NVDA,-0.6090747986598014
FTNT,ORCL,0.5121552616547924
FTNT,PAYX,-0.09832695140790282
FTNT,PAYC,-0.4622221236461337
FTNT,PYPL,-0.13897652480242337
FTNT,PTC,-0.1954005281731917
FTNT,QRVO,0.4141105006451986
FTNT,QCOM,-0.31068983158999675
FTNT,CRM,-0.4377116362182684
FTNT,SWKS,0.6099717895770573
FTNT,SNPS,-0.49614950147336584
FTNT,TEL,-0.10138167581096816
FTNT,TXN,0.6021879688564123
FTNT,TRMB,0.157598487009894
FTNT,TYL,-0.164587779369583
FTNT,VRSN,0.09095035993489961
FTNT,V,0.012103299623669881
FTNT,WDC,0.05545664124284536
FTNT,WU,0.07105010126947163
INTC,INTU,0.12313927884677818
INTC,JNPR,0.09904821846665553
INTC,KEYS,-0.16226171807003456
INTC,KLAC,0.1899914004196733
INTC,MA,0.14735271973140537
INTC,MCHP,-0.3406601796170931
INTC,MU,0.22557040888487595
INTC,MSFT,0.03886771741886856
INTC,MPWR,-0.29868634788492826
INTC,MSI,-0.16458223988997167
INTC,NLOK,0.041002855379700484
INTC,NVDA,-0.0074463589866524856
INTC,PAYC,-0.39897394056171537
INTC,PTC,0.06642221012480498
INTC,QCOM,-0.44609552706223343
INTC,STX,0.009772794113614073
INTC,SNPS,-0.155541534940851
INTC,TEL,-0.2264138559827261
INTC,TER,-0.2003586381248852
INTC,TXN,0.06738508810399711
INTC,VRSN,0.13481161500532748
INTU,JNPR,0.025705212127113918
INTU,MA,-0.059205494499075285
INTU,MPWR,0.12376542138841731
INTU,MSI,0.6036585562778486
INTU,PAYX,0.12546237114028744
INTU,PAYC,-0.11319736681046139
INTU,SNPS,0.1301177865812267
INTU,V,0.09493679176345991
INTU,XLNX,0.048808477153082785
IPGP,JNPR,0.1335993006180371
IPGP,KLAC,0.5174654783529846
IPGP,MPWR,0.2601180726629449
IPGP,MSI,-0.09954123433808636
IPGP,QCOM,0.7583315378182949
IPGP,SNPS,0.36828400112326637
JKHY,PAYX,-0.15469290151737194
JKHY,SNPS,-0.060906625070467416
JNPR,PAYX,-0.058680961343687374
KEYS,PAYX,-0.1373377519454772
KEYS,NOW,0.03659279005036631
KEYS,SNPS,0.4210916249044705
KEYS,TRMB,-0.08774619422659671
KEYS,TYL,0.34378022316771445
KEYS,XLNX,0.08410223918878401
MU,TXN,-0.09653776140308677
MSFT,PAYX,0.03524382808724098
MSFT,SNPS,0.01686541209772389
MPWR,XLNX,0.011290561202224344
MSI,XLNX,-0.28615843585391265
NTAP,SNPS,0.06011320646617445
NXPI,SNPS,0.11617055138293013
ORCL,PAYX,0.24384542398931852
ORCL,SNPS,0.8079278206114284
PAYC,QCOM,-0.22557690049163212
PAYC,STX,-0.5272008409975198
PAYC,SNPS,0.1860298018207465
PAYC,TER,-0.3328851210359068
PAYC,TYL,0.2406325894796592
PAYC,XLNX,-0.17310447830122924
PYPL,QCOM,-0.27299875771678955
PYPL,STX,-0.4129201846036139
PYPL,SNPS,0.012520238807388524
PYPL,TEL,-0.08272899780389416
PYPL,TER,-0.08149394606562026
PYPL,VRSN,-0.2970508391353043
PYPL,XLNX,-0.31986343869992534
QRVO,QCOM,-0.033192713983288415
QRVO,STX,0.10141912110673555
QRVO,SNPS,-0.021252820831264688
QRVO,TEL,0.5360142383198085
QRVO,TER,-0.009006870955006744
QCOM,SNPS,0.09347983134977898
CRM,STX,-0.17709611714595477
CRM,SNPS,0.06871525969698122
CRM,V,0.23936504439284995
CRM,WU,0.03696551899703074
CRM,XLNX,-0.15203080744380307
STX,WDC,-0.0364719757973266
NOW,SNPS,0.3057299788619246
SWKS,SNPS,-0.15940174202409135
SWKS,TEL,0.20091383234854365
SWKS,TER,-0.35603507148924046
SWKS,VRSN,0.09141216577042563
SNPS,XLNX,0.1447355199422498
TER,WU,0.07742293042412174
TRMB,XLNX,-0.2982544008623657
XLNX,ZBRA,-0.00863484231927374
GOOGL,CHTR,0.62367429690641
GOOGL,CMCSA,0.5680170270184265
GOOGL,DISH,-0.0315025582030628
GOOGL,EA,0.3772520726071624
GOOGL,FOXA,0.3718245011936032
GOOGL,FOX,0.31563692751448835
GOOGL,LYV,0.8769221284699352
GOOGL,LUMN,0.8500108892395825
GOOGL,MTCH,1.2246602037825145
GOOGL,NFLX,-0.1961849995638407
GOOGL,NWSA,0.22952673390486017
GOOGL,NWS,0.3023554351886883
GOOGL,OMC,0.5975013540890414
GOOGL,TMUS,0.013290219794395671
GOOGL,TTWO,0.6076187647088193
GOOGL,DIS,0.6834458858400511
GOOGL,TWTR,0.14103547109763864
GOOG,CHTR,0.45420807886231107
GOOG,CMCSA,0.711719286857752
GOOG,DISH,-0.01476222705268796
GOOG,EA,0.3252145758127104
GOOG,FOXA,0.3211018687588407
GOOG,FOX,0.4049824285520418
GOOG,LYV,0.7904832154458983
GOOG,LUMN,0.8918947230123269
GOOG,MTCH,1.4463277287562435
GOOG,NFLX,-0.2199991663099348
GOOG,NWSA,0.27134820882999805
GOOG,NWS,0.38003053209261967
GOOG,OMC,0.5763057159895264
GOOG,TMUS,0.05371979801194088
GOOG,TTWO,0.5305220536457206
GOOG,DIS,0.700335299247283
GOOG,TWTR,0.1131073259095871
T,FOXA,0.26602000398786096
T,LYV,0.07843046389460563
T,OMC,0.2786875720832916
T,TMUS,-0.1428309838850271
CHTR,DISCA,-0.4998133699207865
CHTR,DISCK,-0.4174521206459896
CHTR,FOXA,0.046874627835508144
CHTR,FOX,-0.09604325075466753
CHTR,LYV,0.08453094107159646
CHTR,OMC,0.046393810457713555
CHTR,TMUS,0.21572471725795417
CMCSA,DISCA,-0.3421535819729368
CMCSA,DISCK,-0.27073401597134333
CMCSA,FOXA,0.06300848788699019
CMCSA,FOX,-0.01935462352702918
CMCSA,LYV,0.3784498501281181
CMCSA,OMC,-0.07996110095942538
CMCSA,TMUS,0.11741156937615364
DISCA,DISCK,0.0929631246021
DISCK,VIAC,-0.11494807613206576
DISH,FOXA,-0.14396580067920847
DISH,FOX,-0.15702140941529302
DISH,LYV,0.23894973787165785
DISH,OMC,-0.0984975163858701
DISH,TMUS,-0.27946554426058196
FB,FOXA,0.012737689608511427
FB,FOX,-0.08612596632968358
FB,IPG,0.543435338349828
FB,LYV,0.5417721105687018
FB,OMC,0.03953399179549233
FB,TMUS,0.25593405983353323
FB,TWTR,0.10443331344916937
FB,VZ,-0.10254171942608402
FB,VIAC,-0.470529364534918
IPG,LYV,0.13148148558421294
IPG,OMC,-0.01618918915588583
IPG,TWTR,0.21357621565940776
MTCH,OMC,0.12780101082212117
MTCH,TMUS,0.04989381581106005
MTCH,TWTR,-0.1530882625662192
NFLX,OMC,0.012228970968469803
NFLX,TMUS,-0.3261432465290962
NFLX,TWTR,-0.4290598768780977
NFLX,VIAC,-0.37132282319670057
NWSA,OMC,-0.04197047734246502
NWSA,TMUS,-0.12313722039490735
NWS,OMC,-0.09242508846229058
NWS,TMUS,-0.12380227582965221
NWS,TWTR,-0.11734707742089609
OMC,VIAC,-0.46490283514221986
TMUS,DIS,-0.08131650588393663
TMUS,TWTR,0.17188719961391952
TMUS,VZ,-0.06031088462544227
ADM,MO,-0.047380210175161336
ADM,BF.B,-0.06646347462981488
ADM,CHD,0.06234657083634127
ADM,CL,-0.23261085667506834
ADM,CAG,0.07593210620291066
ADM,KMB,-0.27374334576430615
ADM,LW,-0.2431518474768885
ADM,MKC,-0.09406244975581038
ADM,MDLZ,-0.04510237853602623
ADM,PM,-0.19615267932285468
ADM,PG,-0.13892847942851078
ADM,TSN,0.08894037282556935
ADM,WMT,0.007984824786300306
CPB,CAG,0.16706144041547027
CPB,KHC,-0.001428926334088028
CHD,KO,-0.04997822703723155
CHD,GIS,-0.06551733974960283
CHD,PEP,0.053911119380518936
CHD,HSY,0.07358634763279086
KO,MDLZ,0.1729859479244551
KO,PM,0.20790124258930562
KO,PG,0.046249594972404155
EL,MDLZ,0.1344623402625849
EL,MNST,0.10893942059928653
EL,PG,0.3746934807002556
GIS,HRL,0.13637239362946726
GIS,SJM,0.23212925953234342
GIS,KMB,-0.029155590225983324
GIS,KHC,-0.21331441828016176
GIS,KR,0.1463070181054868
GIS,LW,0.014255779238561809
GIS,MKC,-0.3531872032656006
GIS,MDLZ,-0.058255819685312744
GIS,MNST,-0.12364168058083465
GIS,PM,-0.03070208627641172
GIS,PG,-0.017025065417915174
GIS,TSN,0.20146943276500445
HRL,WMT,0.26285904402054994
K,KMB,0.24385557301465072
K,KHC,0.057797769974675464
K,KR,0.012978958726119164
K,MKC,0.04266992405467288
K,MDLZ,0.22938039302849575
K,MNST,0.3203856803271282
K,PM,0.3464854170046095
K,PG,0.200675802157546
K,TSN,0.15493662907851335
PEP,PG,0.15973898552072757
HSY,TSN,0.25330377917041974
HSY,WMT,-0.13029205136387115
AMZN,CMG,-0.044599436160943876
AMZN,DG,0.2457253673426478
AMZN,DLTR,0.11381071159691288
AMZN,DPZ,-0.3846009756491111
AMZN,ETSY,0.3608220032283163
AMZN,F,-0.2627387512789376
AMZN,GPS,-0.07939380685197714
AMZN,GRMN,-0.16873466676788726
AMZN,HLT,0.31291675033939187
AMZN,HD,-0.26881941330456494
AMZN,LVS,-0.49214177646442736
AMZN,LEG,-0.26805393467615213
AMZN,LEN,-0.28123227578740684
AMZN,LKQ,-0.3939799527054086
AMZN,LOW,0.06408654328301185
AMZN,MAR,-0.07756382246527399
AMZN,MCD,0.0037804150477853547
AMZN,ORLY,0.2932137137129906
AMZN,PENN,-0.6039701588147447
AMZN,SBUX,-0.5109087722861599
AMZN,TPR,-0.6316796976122651
AMZN,TSLA,0.2134779899274907
AMZN,TJX,-0.3731016025099796
AMZN,TSCO,0.5184589322045928
AMZN,ULTA,0.11651022281420911
AMZN,YUM,-0.5015674767956521
APTV,EXPE,0.27974941781803164
APTV,F,0.04474554758796934
APTV,HLT,-0.0735449941528769
APTV,LVS,0.15430360446375896
APTV,LEG,0.30053155256814207
APTV,LKQ,0.5535381554275367
APTV,LOW,0.17394935532741132
APTV,MAR,0.01200798085033195
APTV,MCD,0.1064844988002014
APTV,ORLY,-0.21054415317923383
APTV,TSLA,0.197578117801576
APTV,TSCO,-0.015751453515345057
AZO,F,-0.30715952772143895
AZO,HLT,0.3574377613582267
AZO,LKQ,-0.05666785315494839
AZO,LOW,0.15712722916429864
AZO,TSLA,0.07159745268080646
AZO,TSCO,0.2045836997827039
BBWI,F,0.0005444824829619029
BBWI,HLT,-0.17106888953641872
BBWI,LVS,-0.5020856036415491
BBWI,LKQ,-0.08133970944946996
BBWI,LOW,-0.14861102349683467
BBWI,MAR,0.03730098385539531
BBWI,MCD,-0.46421737333655444
BBWI,TSLA,-0.17362262697409403
BBWI,TSCO,-0.11738596037730371
BBY,F,-0.31890041319182344
BBY,HLT,0.6643600521956131
BBY,LEG,0.22079604921118604
BBY,LKQ,0.19652076395323237
BBY,LOW,0.47122920542329494
BBY,TSLA,-0.3900769642934897
BBY,TSCO,0.13996486131646815
CZR,EXPE,-0.06724086771658447
CZR,F,-0.47862450579029
CZR,HLT,-0.47893087181545285
CZR,HD,-0.33418111357816727
CZR,LVS,-0.5925498526506439
CZR,LEG,-0.33526490528486813
CZR,LKQ,-0.3455024758333518
CZR,LOW,-0.08586657314370953
CZR,MAR,-0.39914465212737604
CZR,MCD,-0.5002698993841245
CZR,PENN,-0.32273245573813475
CZR,TSLA,-0.7386472373138725
CZR,TSCO,-0.2763626291235353
KMX,DG,-0.3027648056964073
KMX,EXPE,-0.09557632653718902
KMX,F,-0.11958509581768216
KMX,HLT,-0.04161343131568079
KMX,HD,-0.01776657485040778
KMX,LVS,-0.13309305809334546
KMX,LKQ,0.14883079334797075
KMX,LOW,0.26804074898732216
KMX,MCD,-0.1643107597538011
KMX,TSLA,-0.27464951726902276
KMX,TSCO,0.03792758925863396
CCL,HLT,-0.012383510824860713
CCL,LVS,0.025063542402327003
CCL,LEG,-0.1053675020912879
CCL,TSLA,-0.4075783207452207
CCL,TSCO,-0.049906485955854875
DHI,HLT,0.029854003621184382
DHI,LKQ,0.4618446394702303
DHI,MCD,0.21490839922664512
DLTR,F,-0.18274334163907785
DLTR,HLT,0.3394496554893075
DLTR,LKQ,-0.0924028416863759
DLTR,LOW,-0.11988135900036563
DLTR,TSLA,0.38837349041856445
DLTR,TSCO,0.28517668383348704
DPZ,EXPE,-0.3699321609329326
DPZ,F,-0.5627336821966064
DPZ,HLT,-0.18119412506356558
DPZ,LKQ,-0.2803569269667972
DPZ,LOW,-0.12313689279409941
DPZ,MCD,-0.11208577520863182
DPZ,TSLA,-0.3827554781084566
DPZ,TSCO,0.1697873348215985
EBAY,EXPE,-0.11415659060099687
EBAY,F,-0.03757675814640068
EBAY,HLT,0.2079417077159413
EBAY,HD,0.18915998686902807
EBAY,LKQ,0.15084821257911432
EBAY,LOW,0.18490341114225362
EBAY,MAR,0.07760169464801395
EBAY,MCD,0.1659793603454472
EBAY,MGM,0.21602760853681946
EBAY,TSLA,-0.24329320353753006
EBAY,TSCO,1.0521641901708925
ETSY,EXPE,-0.25847183989395767
ETSY,F,0.20658847249300888
ETSY,GPC,-0.16000253479660764
ETSY,HLT,-0.09324840647697565
ETSY,LVS,-0.398007085032901
ETSY,LKQ,0.010072482273709028
ETSY,LOW,-0.2099366582133586
ETSY,MAR,-0.30675162929044336
ETSY,MCD,-0.13557358096150987
ETSY,ORLY,0.019126954400524265
ETSY,TSLA,1.095345547315008
ETSY,TSCO,0.348795795858574
ETSY,ULTA,0.23483660475839396
EXPE,F,0.4670058718948177
EXPE,GPS,0.3589350620950991
EXPE,GRMN,-0.0027638229847003824
EXPE,HLT,0.07042371621543309
EXPE,LVS,0.04382810330383538
EXPE,LEG,-0.04820070594636898
EXPE,LEN,-0.08047093077281664
EXPE,LKQ,-0.08143050686839415
EXPE,MAR,0.2694842397221067
EXPE,MCD,-0.09642767429407947
EXPE,MHK,0.360712563301936
EXPE,NCLH,0.3231109854719992
EXPE,ORLY,-0.018223178078684142
EXPE,PENN,-0.5125161346644624
EXPE,PVH,0.14965017818718362
EXPE,ROST,-0.0412535674187947
EXPE,SBUX,-0.10789129394584597
EXPE,TPR,0.5271811379054047
EXPE,TSLA,0.5251466665412148
EXPE,TJX,-0.16055487099239268
EXPE,VFC,-0.08816023275309053
EXPE,WYNN,0.2199848801533917
EXPE,YUM,-0.1835806352999041
F,GPS,-0.32335844256679674
F,GPC,-0.3421517906539407
F,MAR,-0.09275037623942364
F,ORLY,-0.33210199262093637
F,PENN,-0.550520494273325
F,SBUX,-0.36601786601590924
F,ULTA,-0.05954151170995814
GPS,HLT,-0.09498213520100776
GPS,LKQ,-0.282136432091904
GPS,TSLA,-0.6712422585760366
GPS,TSCO,-0.2765066580217787
GRMN,GM,-0.09608684540222458
GRMN,HLT,0.0028220012334751665
GRMN,HD,0.041809197037834964
GRMN,LVS,0.2509008313682051
GRMN,LKQ,-0.1374323865340445
GRMN,LOW,0.007047259420641058
GRMN,MCD,-0.05760343299746455
GRMN,MGM,-0.10488163624716224
GRMN,NVR,0.2263942514463079
GRMN,POOL,-0.024452588112520462
GRMN,TSLA,0.05658852210478261
GRMN,TJX,0.5414672076100693
GRMN,TSCO,-0.09184710718300776
GM,LVS,0.21518732663165632
GM,LEG,-0.1295036197928572
GM,LKQ,0.2769019777555151
GM,MAR,0.23835719585005108
GM,MCD,-0.0796158290616177
GM,TSLA,-0.013809375699721422
GM,TSCO,-0.2862707745555174
GPC,HLT,0.24036338998324397
GPC,HD,0.35140991363183394
GPC,LVS,0.13329739926762588
GPC,LEG,0.1691512682472165
GPC,LEN,0.22937542111335033
GPC,LKQ,0.04830706387846323
GPC,LOW,0.2473493393033874
GPC,MAR,0.18057882848511697
GPC,NKE,0.05143011643350721
GPC,NVR,0.30942727309478085
GPC,ORLY,0.265493737027757
GPC,POOL,-0.10637054943602853
GPC,PHM,0.06398626165031455
GPC,SBUX,0.07071018287863087
GPC,TPR,-0.025002183070228785
GPC,TSLA,-0.2189180680579302
GPC,TJX,0.21980733284611517
GPC,TSCO,0.008254934586652525
GPC,ULTA,0.15371982789062924
GPC,YUM,-0.038359412652139144
HBI,HLT,0.45056613236336385
HBI,HD,0.25555317216162965
HBI,LVS,0.266996390362776
HBI,LEG,-0.015228368331153616
HBI,LKQ,-0.10655295138896866
HBI,LOW,0.44233362432316703
HBI,MAR,-0.10504438397560545
HBI,MCD,0.2973079917751081
HBI,TSLA,0.10944146871561389
HBI,TSCO,0.52572335833613
HD,LVS,0.10903476165358748
HD,LEG,0.003314990294781892
HD,LKQ,0.21079325557599193
HD,MAR,0.042105581775139435
HD,MCD,0.2262154031070367
HD,NWL,-0.14345148026549592
HD,ORLY,0.3549035202489502
HD,TSCO,0.07323513000380306
HD,ULTA,0.25487020795055343
LEN,LKQ,0.09709663513096922
LEN,MCD,0.13233509116741043
LEN,TSCO,0.34620455585799415
LOW,ORLY,0.10994928748313162
LOW,ULTA,0.2493555721114279
MHK,TSLA,-0.5674142503129042
MHK,TSCO,-0.2719409035326884
NKE,ORLY,0.13206045377663017
NKE,TSLA,-0.14816896125450033
NKE,TSCO,-0.014650618651079712
NKE,ULTA,-0.1582995792448458
NVR,ORLY,0.2951701476194017
PENN,TSLA,-0.4093025352775977
PENN,TSCO,-0.6073231792735341
POOL,TSLA,-0.0637002895529948
POOL,TSCO,0.11058716069350194
POOL,ULTA,0.004530896924630215
PVH,TSLA,0.33234438921127296
PVH,TSCO,-0.052385834435235014
RCL,SBUX,-0.09415459275912348
RCL,TPR,-0.33178184664294197
RCL,TSLA,-0.5846827767316747
RCL,TJX,-0.41201909231954276
RCL,TSCO,0.14836285747092173
RCL,ULTA,-0.2403836326028133
RCL,WYNN,-0.10720761302836093
SBUX,TSLA,-0.3750028310198419
SBUX,TSCO,-0.09595258113304458
TGT,TSLA,-0.09787568145344776
TGT,TSCO,-0.11720643963002425
AEP,EVRG,0.135144533967319
AEP,ES,0.1611049311014873
AEP,FE,0.050803330500784796
AEP,NEE,-0.4668804621267753
AEP,NRG,-0.06616416592979192
AEP,PNW,0.18163153292895892
AEP,PPL,0.12578739611909695
AEP,PEG,0.22955688149427092
AWK,EVRG,-0.09847751036038564
AWK,ES,0.04441010921714565
AWK,NEE,0.22662945292231657
ATO,EVRG,0.05003332089964635
ATO,ES,-0.11164870816417606
ATO,FE,0.026195122627010424
ATO,NEE,-0.29098636355590235
ATO,NRG,-0.29518189597214456
ATO,PNW,0.18611633434336938
ATO,PPL,-0.14019358587052963
ATO,PEG,-0.009610415443344972
CNP,EVRG,0.17083456634686897
CNP,ES,-0.09107379813078398
CNP,EXC,0.24194515066193256
CNP,FE,-0.1627268875521957
CNP,NEE,-0.4250672071368415
CNP,NRG,-0.2881345706737541
CNP,PNW,0.04764925409642339
CNP,PPL,0.2228019919940215
CMS,PPL,0.0036012363042036304
ED,EVRG,-0.01692356518187764
ED,ES,-0.09556434294073639
ED,EXC,0.2556147034482597
ED,FE,0.1234017941715839
ED,NEE,-0.23370667923022193
ED,NRG,-0.2962170926284451
ED,PNW,0.008822579764948022
ED,PPL,-0.08091149178687221
ED,PEG,0.0918105506238567
EIX,EXC,0.26969574815011726
FE,SO,0.3277221671867833
FE,WEC,-0.03955468699813762
NI,NRG,-0.23415015553465027
NI,PNW,0.1197510116125444
NI,PPL,-0.11378426217573462
AFL,AMP,0.2625439604642168
AFL,L,0.037737989491337214
AFL,PRU,0.19218335937861689
AFL,HIG,0.09466254348821997
AFL,WFC,0.3166862028996571
AFL,WLTW,0.02263565597393841
AIG,PFG,0.07312771081229119
AIG,WLTW,-0.2086182227913037
AMP,WLTW,-0.0896747099684496
AON,AJG,0.06161435532297371
AJG,AIZ,-0.014456228447655449
AJG,BAC,-0.04282970349856332
AJG,BRK.B,-0.08802235596311177
AJG,BK,0.05046388201127818
AJG,BRO,0.016942692340816138
AJG,CBOE,0.09404856021140848
AJG,SCHW,-0.043476370536974285
AJG,CB,-0.16259006443005258
AJG,CINF,-0.0930704567790551
AJG,CFG,-0.10091599889267454
AJG,CME,-0.08644664418265544
AJG,CMA,-0.039013384020088124
AJG,RE,-0.13702336420848732
AJG,FITB,-0.10207499919254741
AJG,GL,-0.018098930561413873
AJG,HBAN,0.10293925576174429
AJG,ICE,-0.1139340624194694
AJG,KEY,-0.00736128839479672
AJG,L,0.034757845341247595
AJG,MMC,-0.0033602947040772416
AJG,MET,-0.10042285900041606
AJG,NDAQ,0.09960774177832704
AJG,PBCT,-0.014709109106300747
AJG,PNC,-0.0644085300649036
AJG,PRU,0.1927952436608859
AJG,RF,-0.22085840917666064
AJG,SPGI,-0.1575808431185018
AJG,STT,0.2158159718999191
AJG,SIVB,-0.1839199780983271
AJG,HIG,0.0917433061801098
AJG,TRV,-0.0031363254753153887
AJG,TFC,-0.06529118118158526
AJG,WFC,-0.14119399094411025
AJG,WLTW,0.021777730815100076
AJG,ZION,0.057531820211456655
AIZ,CINF,0.343881582146858
AIZ,PBCT,-0.14105026345513005
BAC,BRK.B,-0.11493826921880856
BAC,BLK,-0.06364458798358144
BAC,BRO,-0.18640104088596418
BAC,CB,-0.061912038622849795
BAC,CINF,-0.2886441016811124
BAC,CMA,-0.05921493852665852
BAC,RE,0.19502074854644452
BAC,GL,-0.10659786365686218
BAC,GS,0.053765494314371026
BAC,L,-0.07989240533304982
BAC,MTB,0.043358424743252105
BAC,MMC,-0.20213358483089397
BAC,MET,-0.008681135622164729
BAC,PFG,0.12798204881590952
BAC,RJF,0.11687908149359108
BAC,RF,0.0786913606161758
BAC,HIG,0.40486797567552535
BAC,TRV,0.11746654705287801
BAC,WLTW,0.10165462906151544
BAC,ZION,0.14112709669837
BRK.B,SCHW,-0.13052463844051615
BRK.B,HBAN,-0.01825452438899316
BRK.B,KEY,-0.3165006218935411
BRK.B,LNC,-0.2103770368932755
BRK.B,MTB,0.042439152514147864
BRK.B,NTRS,0.21402841350369622
BRK.B,PBCT,0.1496761021631051
BRK.B,PNC,-0.29320538210100117
BRK.B,PFG,-0.1637776745313352
BRK.B,PGR,0.06488331770320598
BRK.B,TFC,-0.29376551673168955
BRK.B,WFC,-0.016989990131516242
BRK.B,WLTW,0.19854758426316244
BLK,BRO,-0.0057288643627561395
BLK,SCHW,0.12408931918190821
BLK,CINF,-0.36875517775615224
BLK,CME,-0.05760548246398248
BLK,CMA,0.06757010422298713
BLK,FITB,-0.2256770867573697
BLK,KEY,-0.029737061479767145
BLK,MMC,0.28368060802542705
BLK,PFG,-0.16126173601791888
BLK,PRU,0.142196684418339
BLK,RJF,0.1801745603247735
BLK,RF,-0.09417158483475417
BLK,HIG,-0.12406296838571536
BLK,WFC,-0.16118681363464538
BLK,ZION,-0.12829159690529807
BK,BRO,0.036389263025174735
BK,SCHW,0.13572079371723375
BK,CB,0.043204132453974455
BK,CINF,-0.20443013218085443
BK,CMA,-0.10533143990783791
BK,RE,0.1486868360478738
BK,GL,0.00587407998860901
BK,L,0.06932939925351471
BK,MTB,0.020753745773771516
BK,MMC,0.06474181387268385
BK,MET,-0.0923318484710739
BK,PBCT,-0.12729910046027304
BK,PFG,-0.015484296642001573
BK,PRU,0.11262186663750458
BK,RJF,0.3754732184425386
BK,RF,-0.0336045043272106
BK,HIG,0.1804074628321841
BK,TRV,0.10732206615604081
BK,WLTW,0.12707733253069892
BK,ZION,0.01034789906084683
BRO,WLTW,-0.10019460087079148
COF,SCHW,0.09756775465876344
COF,CINF,-0.14815385332623351
COF,CFG,-0.03798083614369723
COF,CME,-0.07004135003059753
COF,CMA,-0.11396784897214442
COF,FITB,0.12966641451957622
COF,HBAN,0.16339486809417722
COF,KEY,-0.0014823467756879109
COF,PRU,0.12684180013633348
COF,RJF,0.3739577753334603
COF,RF,0.14285921100769775
COF,HIG,0.21429797101831966
COF,TFC,0.09785290569086239
COF,WFC,0.1541394268143963
COF,ZION,-0.18098856317622863
SCHW,MTB,0.376662294497595
SCHW,PFG,-0.008262689097253896
SCHW,WLTW,0.14057978202078666
CB,CINF,-0.13500085778631066
CB,WLTW,0.060982660402172185
CINF,RE,-0.13438111221733998
CINF,GL,-0.21893482924850047
CINF,MET,-0.23133241416084377
CINF,PFG,-0.16228646660100873
CINF,TRV,0.012648838010141335
C,RF,0.04340879327290633
CFG,CMA,0.16382804201535575
CFG,GL,-0.15570586966137095
CFG,GS,-0.12302895705629897
CFG,MTB,0.010337885429057496
CFG,MET,0.022681350724617078
CFG,PBCT,-0.11391452576395095
CFG,PFG,0.04083806312414134
CFG,RJF,0.1457421331511192
CFG,RF,0.016134925058192168
CME,MTB,0.4200948505054906
CME,MMC,-0.01675380128640914
CME,PFG,-0.09397045529870404
CME,WLTW,0.3516255774317571
CMA,FITB,0.20828602006765112
CMA,LNC,0.0912913592437048
CMA,MTB,-0.05146758099296771
CMA,NTRS,0.029932166872228116
CMA,PNC,0.14544177002014272
CMA,WLTW,-0.12404450823333289
FITB,GL,-0.1520984943608046
FITB,GS,-0.21827617466976487
FITB,L,-0.16987327095354748
FITB,MTB,-0.22913163404576567
FITB,MET,0.05032430860857916
FITB,PBCT,0.019475823503663267
FITB,PFG,-0.09744995563847217
FITB,RF,0.08780976053482707
FITB,SYF,0.08906306368620484
FITB,TRV,0.05367907679786266
FITB,WLTW,0.10787978017681803
FRC,KEY,-0.12617865405883086
FRC,MMC,0.2559195781708078
FRC,PFG,0.0004567647618500632
FRC,PRU,-0.0989307516043156
FRC,RJF,0.12579154778252166
FRC,RF,0.039256450537247
FRC,HIG,-0.10941722587704251
FRC,WFC,-0.014065248296339705
FRC,ZION,-0.2515413031328455
GS,KEY,-0.08600742688896047
GS,LNC,-0.1451133432109219
GS,PRU,-0.14683833252448386
GS,RF,0.031624789722608695
HBAN,RF,0.16446798589225334
HBAN,WLTW,0.2500769952515693
ICE,L,-0.1972975612267843
ICE,MTB,0.20654709077057515
ICE,MMC,0.04875109686359108
ICE,MET,-0.05981966127584863
ICE,NDAQ,-0.04849674962712685
ICE,PFG,-0.05170325889106432
ICE,RJF,0.29082466471777574
ICE,TRV,0.020904034777283087
IVZ,KEY,0.36637187922921555
IVZ,PRU,-0.12205671813908557
IVZ,RF,0.378676129355813
JPM,KEY,0.05189987010208482
JPM,MMC,-0.1072211101945769
JPM,MET,0.05039543760234257
JPM,PFG,-0.06471987818209367
JPM,PRU,0.003115906505797902
JPM,RJF,-0.08508748302920546
JPM,RF,-0.04078705749047629
JPM,HIG,0.2169382446448991
JPM,WFC,-0.052982853714997766
JPM,ZION,0.001686251750234951
KEY,LNC,-0.06542463756386074
KEY,L,-0.08906018495797223
KEY,MTB,0.02252225185588948
KEY,MMC,-0.24063858027073248
KEY,MET,0.10908868502775469
KEY,MS,0.010098174832261721
KEY,PBCT,-0.0034109388997500354
KEY,PFG,0.2798791484142099
KEY,RJF,-0.026676179856055825
KEY,RF,0.05503279696624187
KEY,TRV,0.20536263547129086
KEY,USB,-0.0239198249058229
KEY,WLTW,0.23765034073640157
LNC,L,-0.04557520592846442
LNC,MMC,-0.05977951958917198
LNC,MET,-0.09979048951268546
LNC,PFG,-0.010612581861645886
LNC,PRU,-0.009310720843098825
LNC,RJF,0.020269725510617426
LNC,RF,-0.09166503217259422
LNC,HIG,0.5372398020255208
LNC,TRV,0.3032427440645358
LNC,ZION,0.21424223060128528
L,MTB,0.1303863132402842
L,PBCT,0.01792841815030726
L,PFG,0.1417092495204974
L,PRU,0.07802609530712201
L,RF,-0.2655365074356973
L,WLTW,0.055921612871116085
MTB,PRU,0.06311430775089859
MTB,RF,0.026475493515391718
MTB,HIG,0.15924115460697125
MTB,WFC,0.043923017752076264
MTB,ZION,0.031106542694100354
MKTX,MMC,-0.17037533826371348
MKTX,NDAQ,-0.29413426593766434
MKTX,PRU,-0.11195047308526089
MKTX,RF,-0.18960884948004067
MKTX,HIG,-0.08658632182576258
MKTX,WFC,-0.284188405037748
MKTX,ZION,0.33129399102435503
MET,PRU,-0.1235733610233129
MCO,NDAQ,0.18607918322543499
MCO,PFG,0.11058422991886997
MCO,PRU,0.14244551544955072
MCO,RJF,0.09577467913120563
MCO,RF,-0.16405652882723865
MCO,HIG,-0.09515807309010023
MCO,WFC,0.08018789871557455
MCO,ZION,0.019594570476345254
MS,PRU,-0.07920379647848168
MS,RF,-0.03544416855196672
MSCI,NDAQ,0.28948319115926746
MSCI,PFG,-0.13946410817558993
MSCI,PRU,0.024858485282190666
MSCI,RF,0.08140511785338721
MSCI,HIG,-0.04471517498397123
MSCI,ZION,0.02279335003246015
NDAQ,PFG,0.041707068550547705
NDAQ,HIG,-0.09900403823683941
NTRS,PFG,0.040035804751768884
NTRS,RF,-0.19958223350071508
PBCT,PNC,0.05424501431147291
PBCT,RF,0.012197794466010528
PBCT,STT,-0.1545233225271903
PBCT,SIVB,-0.36234054087932216
PBCT,TFC,-0.01550836335987915
PBCT,USB,-0.022070836551436223
PNC,PFG,0.2082590005191868
PNC,PRU,0.0650010663874814
PNC,RF,0.13745761975401663
PNC,HIG,0.1794320708005849
PNC,WLTW,0.10030658496681688
PNC,ZION,0.23098230031075523
PFG,PRU,0.001364349082767585
PFG,WLTW,0.023839499915203632
PGR,PRU,0.46226042869119005
PGR,RJF,0.2175151931445286
PGR,RF,-0.16231210554692735
PGR,HIG,-0.17755951640201675
PGR,TRV,-0.19504193403386946
PGR,WFC,-0.2131426696977354
PGR,WLTW,0.055469392955365474
PGR,ZION,-0.1586862926640638
RF,WLTW,0.03543381924303874
SPGI,HIG,-0.2046964313206196
STT,HIG,0.2700583072604518
STT,WLTW,0.13857759822561783
STT,ZION,0.1084277021271846
SIVB,HIG,0.21898056920184056
SIVB,WLTW,-0.15703860736485833
SIVB,ZION,0.1520957393714873
SYF,HIG,0.10184917836861684
SYF,WFC,0.06616600360180092
SYF,ZION,-0.052373504535693644
TROW,HIG,-0.037437971128764326
TROW,TFC,-0.0015994687474588864
TROW,WRB,0.2882147183260505
TROW,WFC,-0.08035272365810175
TROW,ZION,-0.1427001047318033
WRB,WLTW,0.15966903288940668
APD,BLL,-0.1029618257654611
AVY,CE,-0.07149004013592988
AVY,DD,-0.3608413081127004
AVY,EMN,-0.035445617555688515
AVY,WRK,0.05708384868958238
BLL,CE,0.07284978743411484
BLL,CF,-0.40620192618370404
BLL,CTVA,0.27316068840024005
BLL,DD,-0.0557158878835832
BLL,EMN,0.06678617144029704
BLL,FCX,-0.26740625162548354
BLL,IP,-0.06805572805678996
BLL,NUE,-0.04001704237764614
BLL,PPG,-0.030676347090765776
BLL,SEE,0.0007745699272456114
CE,DOW,-0.03277619126978418
CE,EMN,-0.03938409738496121
CE,FMC,-0.09682421361008862
CE,FCX,-0.00578080402870255
CE,IP,0.08568638300260907
CE,LIN,-0.030631439329359564
CE,LYB,-0.04051396659197518
CE,MLM,-0.10078870977093961
CE,NEM,-0.2878625487210488
CE,PKG,-0.14146575316580856
CE,PPG,0.12456343312148122
CE,SEE,0.34487324224589627
CE,VMC,-0.023901949568526325
CE,WRK,0.15906904806263542
CF,DOW,-0.19865004408354361
CF,EMN,-0.18696738090898798
CF,FMC,-0.12004514197764904
CF,FCX,0.0626383679878633
CF,LIN,-0.18749429167673953
CF,LYB,-0.13137423864347234
CF,MLM,-0.28701019891298757
CF,NEM,-0.449102231757825
CF,PKG,-0.37312553151022554
CF,SEE,0.10823034590386203
CF,VMC,-0.21996614939340653
CTVA,DOW,0.08622489767760591
CTVA,FMC,-0.03257675361650792
CTVA,FCX,-0.10293028806033137
CTVA,LIN,0.2552465906437766
CTVA,LYB,0.14640129986371642
CTVA,NEM,0.22153903930009938
CTVA,PKG,0.4843004781547049
CTVA,SEE,-0.014385731910964242
DD,LYB,0.08457819839273172
DD,WRK,-0.06264524636287097
ECL,FCX,-0.3627980092309013
ECL,LIN,0.04472177063473966
ECL,LYB,-0.09293641184283406
ECL,MLM,-0.09101819609285682
ECL,NEM,0.03373590289774642
ECL,SEE,-0.16554091314016375
ECL,VMC,0.11527763071966211
ECL,WRK,-0.1938200295152105
FCX,NUE,-0.2844121907115399
IFF,LIN,0.1853420867797811
IFF,NEM,-0.1622556869477048
IP,LYB,0.14961884642755102
NEM,NUE,-0.2838087072647849
NEM,PPG,-0.39796349388924807
NEM,SHW,-0.22792904235003836
NEM,MOS,-0.33149860153018673
NEM,VMC,-0.3284380212647357
NEM,WRK,-0.18078783859931458
PPG,WRK,0.02477081460062429
SHW,WRK,-0.3103878774745643
MOS,VMC,-0.4411787626988912
MOS,WRK,-0.35981942612207785
ARE,AMT,0.1395672637354373
ARE,CCI,0.15923577100890457
ARE,DRE,0.1430520509013094
ARE,EXR,0.15346672034353775
ARE,IRM,-0.04933221394645021
ARE,KIM,-0.027444224394295887
ARE,PLD,0.1646901876135118
ARE,PSA,-0.005960473153696221
ARE,O,-0.05472929351378683
ARE,SBAC,-0.02355431382760711
ARE,VTR,-0.2833020234269761
ARE,WELL,-0.11970146218918351
ARE,WY,-0.08448998175373752
AVB,DRE,-0.030215144942002954
AVB,EXR,0.006390075367420068
AVB,IRM,0.21469628001436852
AVB,PSA,0.17759941038492544
AVB,O,0.21415468645567104
AVB,WELL,0.3006955756084637
BXP,CBRE,-0.012097233484134195
BXP,CCI,-0.18031675286494078
BXP,DLR,-0.06711489345416252
BXP,DRE,-0.034875684639940736
BXP,EQIX,-0.019770797320822896
BXP,EXR,-0.14277176075203563
BXP,FRT,0.032332747721500056
BXP,HST,0.1561448022952932
BXP,IRM,0.11323763256915641
BXP,KIM,-0.09893967942643882
BXP,MAA,0.041529538983184754
BXP,PLD,0.021480857812056782
BXP,PSA,0.13131895599544732
BXP,O,0.049483229732674515
BXP,REG,0.00784797741294402
BXP,SBAC,-0.20129434149909126
BXP,SPG,-0.2008692998726305
BXP,VTR,-0.04613289215410623
BXP,WELL,0.2146558344075091
BXP,WY,0.0633116462388543
CBRE,DRE,-0.1296479420362663
CBRE,EXR,0.15804044472979265
CBRE,KIM,0.34221072365198923
CBRE,PSA,0.037907741955154776
CBRE,O,0.1554036993865561
CBRE,VTR,-0.03683536985054962
CBRE,WY,0.3023365214002892
DLR,DRE,-0.08298969915416994
DLR,EXR,-0.18419378552865093
DLR,KIM,-0.013123614844023686
DLR,PLD,-0.19398609688079393
DLR,PSA,-0.0551543775130951
DLR,O,-0.04503377352493422
DLR,SBAC,0.2971714539624423
DLR,VTR,-0.27630784750026943
DLR,WELL,0.029649183935436304
DLR,WY,-0.25489386679521003
DRE,EQR,-0.03050759687954298
DRE,ESS,-0.13235437945952494
DRE,MAA,-0.005078686600502697
DRE,PLD,0.04235157008634356
DRE,PSA,0.09821892228604033
DRE,REG,0.04591291085767182
DRE,SBAC,0.008735916639665083
DRE,UDR,-0.012276980592437321
EQIX,O,-0.0566978625070586
EQR,EXR,-0.0224578152889217
EQR,PSA,0.09718862686563516
EQR,O,0.1634240118134118
ESS,EXR,0.05939267384085688
ESS,HST,0.3393069035990548
ESS,IRM,0.07115670930185632
ESS,PSA,0.21697145038778806
ESS,O,0.08998592154065554
ESS,SBAC,-0.07718273090849107
ESS,VTR,-0.25346241656076235
ESS,WELL,0.08843487251451995
EXR,MAA,0.12581851422406967
EXR,SBAC,-0.09247076193713118
EXR,UDR,0.1308066594373103
FRT,KIM,0.13225277670670388
FRT,O,0.4015542970883142
PEAK,HST,0.4966038681963293
PEAK,IRM,0.07055708613703522
PEAK,KIM,0.1319724503226267
PEAK,PLD,0.05267023970403563
PEAK,PSA,0.24966216758557333
PEAK,O,0.20254071468775103
PEAK,SBAC,-0.1433058068818052
PEAK,VTR,-0.12541360286977027
PEAK,WELL,0.00728608602500215
PEAK,WY,0.2764526784966516
MAA,PSA,0.17021462694063855
PLD,SBAC,-0.16884095701223298
PSA,UDR,0.20189032817308805
SPG,VTR,-0.06545799679386866
SPG,WELL,-0.05479884195873106
SPG,WY,-0.04534206569367554
UDR,WELL,0.18676816674205213
VNO,WELL,0.22032293345792628
VNO,WY,0.13859162499474653
APA,MPC,0.12653198151825767
APA,OXY,0.21852354103313118
BKR,COP,-0.04243774823220418
BKR,CTRA,-0.39838795247078973
BKR,DVN,0.24663647922110393
BKR,XOM,-0.36668929659527816
BKR,HES,0.6424498760612818
BKR,MPC,0.13231816027559049
BKR,OXY,-0.2343818842362979
BKR,VLO,0.07819730672119214
BKR,WMB,-0.19392695776230917
CVX,OXY,-0.44625075675810333
CVX,OKE,-0.1471670693546397
COP,HAL,-0.3535238877242381
COP,OKE,0.16355844830970745
CTRA,FANG,-0.4842571890515466
CTRA,HAL,-0.5786202452523366
CTRA,OKE,-0.4679542461973867
DVN,HAL,-0.24506218628884235
DVN,OKE,-0.2839018193683715
XOM,HAL,-0.47923220889828005
XOM,OKE,-0.2223408777806515
XOM,SLB,0.005627586334591761
HAL,HES,-0.024633511109907268
HAL,MPC,-0.09133005153238745
HAL,OXY,0.2899915057245278
HAL,VLO,-0.3164683706302548
HAL,WMB,-0.2637583908473773
HES,OKE,-0.25837341400937175
MRO,OKE,0.132150422052191
MPC,OKE,-0.0637507979111417
MPC,SLB,0.43259097741186736
OXY,OKE,0.28129399063202887
OXY,PXD,-0.042593267359039746
OXY,SLB,-0.10383088355972316
